"country","region","city_state","codes_list"
"Mexico","Baja California","Industrial Pacifico I","[""22643""]"
"Nigeria","Anambra, Idemili North, Oraukwu","Iruowelle","[""434110""]"
"Spain","Andalucia, Granada","Ventas De Andar","[""18567""]"
"India","Uttar Pradesh, Kannauj","Teramallu","[""209727""]"
"India","Haryana, Kaithal","Siwan","[""136033""]"
"Romania","Valcea","Alunu","[""247005""]"
"China","Jiangsu, Tongzhou City","Beixingqiao Township","[""226337""]"
"Italy","Lombardia, Sondrio","Trepalle","[""23030""]"
"Poland","Lodz Voivodeship, Powiat Tomaszowski","Chorzecin","[""97-200""]"
"Brazil","Bahia","Central","[""44940-000""]"
"Poland","Mazovia, Powiat Zwolenski","Barycz-Kolonia","[""26-700""]"
"Afghanistan","Kapisa, Nijrab","Do - Qoumy","[""1255""]"
"India","Telangana, Nalgonda","Mandra","[""508114""]"
"Ukraine","Zhytomyr Oblast, Chervonoarmiiskyi","Pavlivka","[""12054""]"
"Nigeria","Kaduna, Kaura, Magagum","Zangang","[""801134""]"
"Nigeria","Yobe, Bade, Kwaji","Mika-Isoho-Gari","[""661102""]"
"China","Shandong, Guan County","Ganguantun Township","[""252519""]"
"Ukraine","Sumy Oblast, Nedryhailivskyi","Besedivka","[""42135""]"
"Algeria","Tizi-Ouzou","Aifane","[""15069""]"
"Lithuania","Siauliai County","Megucioniu K.","[""83046""]"
"Ukraine","Donetsk Oblast, Slovianskyi","Troitske","[""84161""]"
"Mongolia","Tov, Jargalant","Uguumur","[""41203""]"
"Colombia","Cordoba, Monteria","Guadalajara","[""230003""]"
"China","Guangdong, Qujiang County","Maba Town","[""512100""]"
"Nigeria","Ogun, Obafemi Owode, Onidundu","Boto","[""110112""]"
"Mexico","Tabasco","Campo Alto","[""86935"",""86947""]"
"Romania","Giurgiu","Gogosari","[""087100""]"
"Japan","Tochigi Ken, Sakura Shi","Ujiie","[""329-1311"",""329-1395"",""329-1393"",""329-1392""]"
"Afghanistan","Daykundi, Ishtarlay","Chacha","[""4255""]"
"Mexico","Coahuila De Zaragoza","Residencial Los Fresnos","[""27018""]"
"Hungary","Vas","Viszak","[""9932""]"
"Russian Federation","Volgogradskaya Oblast","Kamyshin","[""403870""]"
"Italy","Trentino-Alto Adige, Trento","Madonna Di Campiglio","[""38086""]"
"Lithuania","Klaipeda County","Milvydziu K.","[""98050""]"
"Austria","Oberosterreich, Politischer Bezirk Ried Im Innkreis, Sankt Marienkirchen Am Hausruck","Pilgersham","[""4926""]"
"Belarus","Vitebsk Province, Chashniki District, Oktyabrskiy Council","Boyary","[""211154""]"
"Maldives","Male, Majeedhee Magu","National Thallasaemea Centre","[""20040""]"
"Japan","Hokkaido, Tomakomai Shi","Keihokucho","[""053-0854""]"
"Japan","Fukushima Ken, Minamisoma Shi","Kashimaku Kamitochikubo","[""979-2462""]"
"Mexico","Jalisco","Mirador Escondido","[""45189""]"
"Mexico","Tlaxcala","Atzacoalco","[""90444""]"
"Japan","Hokkaido, Kitami Shi","Rubeshibecho Mizuho","[""091-0017""]"
"Algeria","El-Taref","Chihani","[""36014""]"
"Russian Federation","Dagestan Respublika","Tsekob","[""368437""]"
"Indonesia","North Sulawesi, Tomohon","Rurukan","[""95447""]"
"Colombia","Tolima, Cajamarca","La Union","[""732501""]"
"Poland","West Pomerania, Powiat Drawski","Karsno","[""78-550""]"
"France","Grand Est, Bas-Rhin","Kesseldorf","[""67930""]"
"Morocco","Beni Mellal-Khenifra, Khenifra","Kerrouchen","[""54302""]"
"Belarus","Vitebsk Province, Polotsk District, Zelenkovskiy Council","Zaenki","[""211423""]"
"Lithuania","Panevezys","Ropiskio K.","[""40030""]"
"Afghanistan","Baghlan, Tala Wa Barfak","Kaihani Ganwado","[""3651""]"
"Spain","Pais Vasco, Alava","Berrikano","[""01138""]"
"Poland","Mazovia, Powiat Wegrowski","Ruchna","[""07-100""]"
"India","Uttar Pradesh, Kheri, Palia","Basahi","[""262904""]"
"Russian Federation","Irkutskaya Oblast","Harety","[""669405""]"
"Ukraine","Rivne Oblast, Zdolbunivskyi","Bohdashiv","[""35707""]"
"Turkey","Yozgat","Basibuyuklu","[""66000""]"
"Austria","Karnten, Politischer Bezirk Feldkirchen, Himmelberg","Kosting","[""9562""]"
"Latvia","Valmiera","Valkas Iela","[""LV""]"
"Japan","Kyoto Fu, Kyoto Shi","Sakuranocho","[""604-8035""]"
"Romania","Arges","Poduri","[""117288""]"
"India","Chattisgarh, Kawardha","Sarangpurkhurd","[""491995""]"
"Japan","Mie Ken, Owase Shi","Sakabacho","[""519-3664""]"
"Croatia","Koprivnicko-Krizevacka","Gregurovec","[""48260""]"
"Russian Federation","Omskaya Oblast","Moskalenki","[""646070""]"
"Croatia","Bjelovarsko-Bilogorska","Mali Grdevac","[""43270""]"
"India","Karnataka, Chitradurga","Kolahalu","[""577519""]"
"China","Henan, Xi County","Yangdian Township","[""464313""]"
"Italy","Trentino-Alto Adige, Bolzano-Bozen","Aldino","[""39040""]"
"Mexico","Jalisco","Rinconada El Cangrejo","[""48902""]"
"United States","Louisiana, Bienville","Gibsland","[""71028""]"
"Poland","Pomerania, Powiat Starogardzki","Czarnocin","[""83-250""]"
"Afghanistan","Ghor, Taywara","Awalya","[""3252""]"
"Spain","Asturias","La Polina","[""33993""]"
"Japan","Fukushima Ken, Koriyama Shi","Bizendate","[""963-8044""]"
"Albania","Diber, Kastriot","Kastriot","[""8305""]"
"Poland","Greater Poland, Powiat Miedzychodzki","Wiktorowo","[""64-421""]"
"Peru","Ancash, Bolognesi, Abelardo Pardo Lezameta","Pucton Alto","[""02435""]"
"Mexico","Hidalgo","San Carlos","[""42084"",""42182"",""42824"",""43763""]"
"Mexico","Mexico","La Mancha Iii","[""53714""]"
"United States","Kentucky, Pike","Kimper","[""41539""]"
"Malaysia","Kedah","Alor Star","[""05150"",""05350"",""05400"",""05460"",""06250"",""06550""]"
"Australia","Queensland, Central Qld","Mia Mia","[""4754""]"
"Japan","Nara Ken, Takaichi Gun","Takatori","[""635-0101""]"
"India","Madhya Pradesh, Shahdol, Sohagpur","Bemhori","[""484110""]"
"Belarus","Vitebsk Province, Polotsk District, Nachskiy Council","Logovcy","[""211431""]"
"India","Chattisgarh, Mahasamund","Bemcha","[""493445""]"
"Mexico","Michoacan De Ocampo","Cuatro Esquinas","[""59173""]"
"Ukraine","Kharkiv Oblast, Kolomatskyi","Yavtukhivka","[""63110""]"
"Japan","Shizuoka Ken, Shizuoka Shi","Yui Nishikurasawa","[""421-3115""]"
"Nigeria","Rivers, Omuma","Eberi","[""512102""]"
"Russian Federation","Rostovskaya Oblast","Komsomolskiy","[""347201""]"
"Lithuania","Utena County","Patales K.","[""28048""]"
"Japan","Kumamoto Ken, Yatsushiro Shi","Kawatamachi Higashi","[""869-4615""]"
"Spain","Asturias","Argame","[""33163""]"
"Belarus","Mogilev Province, Chavusy District, Voynilovskiy Council","Novo-Vasilevsk","[""213211""]"
"Ukraine","Odessa Oblast, Kominternivskyi","Kryzhanivka","[""67562""]"
"Czech Republic","Plzensky Kraj","Chrastovice","[""331 41""]"
"Japan","Tokyo To, Shinjuku Ku","Nishishinjuku Shinjuku Sentabiru(29","[""163-0629""]"
"Australia","New South Wales","Touga","[""2622""]"
"Switzerland","Canton De Berne, Thun District, Stocken-Hofen","Oberstocken","[""3632""]"
"Spain","Castilla - Leon, Soria","Almazan","[""42200""]"
"Norway","Vestland, Stryn","Innvik","[""6793"",""6794""]"
"United States","Maryland, Allegany","Corriganville","[""21524""]"
"Poland","Swietokrzyskie, Powiat Pinczowski","Pozelow","[""28-440""]"
"Mexico","Quintana Roo","La Sabanita","[""77923""]"
"Japan","Hokkaido, Yamakoshi Gun","Omine","[""049-3501""]"
"Indonesia","Kalimantan Central, Pulang Pisau","Kahayan Kuala","[""73572"",""74872""]"
"Japan","Hyogo Ken, Shiso Shi","Yamasakicho Sembonya","[""671-2544""]"
"Ukraine","Donetsk Oblast, Starobeshivskyi","Zernove","[""87241""]"
"Italy","Calabria, Vibo Valentia","Fitili","[""89861""]"
"Spain","Asturias","Calella, La","[""33161""]"
"India","Gujarat, Mahesana","Santhal","[""384430""]"
"Japan","Chiba Ken, Tomisato Shi","Tatsuzawashinden","[""286-0215""]"
"Turkey","Sanliurfa, Halfeti","Bulakli","[""63950""]"
"China","Henan, Xichuan County","Xihuang Township","[""474495""]"
"India","Maharashtra, Ahmed Nagar, Parner","Vaghunde Kh","[""414301""]"
"United States","Tennessee, Davidson","Joelton","[""37080""]"
"Greece","North Aegean, Samos","Efdilos","[""833""]"
"Japan","Kanagawa Ken, Yokohama Shi","Horinochicho","[""232-0042""]"
"Mexico","Michoacan De Ocampo","El Rancho","[""61546""]"
"Austria","Karnten, Politischer Bezirk Spittal An Der Drau, Rennweg Am Katschberg","Adenberg","[""9863""]"
"Nigeria","Kwara, Asa, Onire","Budo Igboroko Keke","[""240106""]"
"Argentina","Catamarca","Isla Larga","[""4711""]"
"United Kingdom","England, North Yorkshire","Beamsley","[""BD23""]"
"Bangladesh","Chittagong","Solla","[""3875""]"
"Spain","Navarra","Domeno","[""31454""]"
"Poland","Warmia-Masuria, Powiat Olsztynski","Marcinkowo","[""10-687"",""11-030""]"
"Russian Federation","Moskva","Moskva-Gtsmpp 463","[""102463""]"
"Mexico","Chiapas","Los Llanos","[""30839""]"
"Vietnam","Bac Trung Bo, Nghe An, Anh Son","Tuong Son","[""460000""]"
"Slovakia","Presovsky Kraj","Batizovce","[""059 35""]"
"United States","Wyoming, Big Horn","Deaver","[""82421""]"
"Mexico","San Luis Potosi","Julian Carrillo","[""78340"",""78450""]"
"Japan","Yamaguchi Ken, Kudamatsu Shi","Showamachi","[""744-0062""]"
"India","Uttar Pradesh, Jyotiba Phule Nagar, Dhanaura","Chuchelakalan","[""244231""]"
"United Kingdom","England, Somerset","Marston Magna","[""BA22""]"
"Japan","Ibaraki Ken, Sashima Gun","Shinkoya","[""306-0312""]"
"Mexico","Guanajuato","La Luz De Pena","[""38563""]"
"France","Bourgogne-Franche-Comte, Haute-Saone","Les Fessey","[""70310""]"
"Japan","Aichi Ken, Nagakute Shi","Jimmommae","[""480-1332""]"
"Mexico","Sonora","Nuevo Sahuaripa","[""85600""]"
"Poland","Mazovia, Powiat Lipski","Przedmiescie Blizsze","[""27-320""]"
"Nigeria","Niger, Katcha","Egb Nagya","[""912105""]"
"Mexico","Tamaulipas","Chairel Secc 33","[""89219""]"
"Germany","Nordrhein-Westfalen","Langenfeld","[""40764""]"
"Vietnam","Dong Bang Song Hong, Ha Nam, Ly Nhan","Dong Ly","[""400000""]"
"Spain","Pais Vasco, Alava","Erribera Beitia","[""01213""]"
"United States","Illinois, Peoria","Dunlap","[""61525""]"
"China","Anhui, Guoyang County","Biaoli Township","[""233656""]"
"Belarus","Brest Province, Pruzhany District, Shereshevskiy Council","Belyy-Lesok","[""225176""]"
"United Kingdom","Scotland, Highland","Stoul","[""PH41""]"
"United Kingdom","Scotland, Western Isles","Lochboisdale","[""HS8""]"
"United Kingdom","Wales, Carmarthenshire","Llansadurnen","[""SA33""]"
"United Kingdom","Scotland, Dumfries And Galloway","Parton","[""DG7""]"
"United Kingdom","Scotland, Highland","Kerrysdale","[""IV21""]"
"United Kingdom","Wales, Ceredigion","Ystrad Aeron","[""SA48""]"
"Mexico","Distrito Federal","Barrio Candelaria Ticoman","[""07310""]"
"Mexico","Distrito Federal","Ex-Hipodromo De Peralvillo","[""06250""]"
"Mexico","Distrito Federal","Golondrinas 1A Seccion","[""01270""]"
"Japan","Akita Ken, Daisen Shi","Nangai Shirigaida","[""019-1848""]"
"Chile","Araucania, Cautin, Carahue","Los Atracones","[""5010000""]"
"Japan","Hyogo Ken, Tatsuno Shi","Shingucho Kamiazawara","[""679-5162""]"
"Austria","Oberosterreich, Politischer Bezirk Scharding, Sankt Florian Am Inn","Bubing","[""4782""]"
"India","Rajasthan, Bharatpur","Khandeola","[""321204""]"
"Mexico","Sonora","Graciano Sanchez","[""85235""]"
"United States","South Carolina, Abbeville","Due West","[""29639""]"
"Nigeria","Cross River, Bakassi, Atimbo","Asibang","[""541104""]"
"Poland","Podlasie, Powiat Zambrowski","Goski Duze","[""18-300""]"
"China","Hebei, Longyao County","Dongliang Township","[""055352""]"
"Belarus","Vitebsk Province, Talachyn District, Oboleckiy Council","Lemnica","[""211064""]"
"Belarus","Vitebsk Province, Talachyn District, Volkovichskiy Council","Bagrinovo","[""211074""]"
"United Kingdom","England, North Yorkshire","Seave Green","[""TS9""]"
"France","Grand Est, Meurthe-Et-Moselle","Autrepierre","[""54450""]"
"Japan","Aichi Ken, Toyota Shi","Obazawacho","[""444-2844""]"
"Czech Republic","Jihocesky Kraj","Racov","[""384 73""]"
"India","Odisha, Kendujhar, Ghatagaon","Kansa","[""758082""]"
"Russian Federation","Tulskaya Oblast","Tula 19","[""300019""]"
"Mexico","Tamaulipas","Residencial Real Campestre","[""89605""]"
"Nigeria","Kaduna, Sanga, Hatteh","Sarki Amukunche","[""801123""]"
"France","Occitanie, Tarn","Escroux","[""81530""]"
"Poland","Greater Poland, Powiat Slupecki","Slowikowo","[""62-436""]"
"Poland","Lesser Poland, Powiat Miechowski","Karczowice","[""32-241""]"
"Russian Federation","Permskiy Kray","Tokari","[""617148""]"
"Colombia","Valle Del Cauca, La Union","Campesina","[""761540""]"
"India","Haryana, Jind","Igrah","[""126102""]"
"Poland","Silesia, Powiat Raciborski","Ruda","[""47-420""]"
"Spain","Asturias","Francos","[""33735"",""33874""]"
"Algeria","Ain-Temouchent","M'sella Djurdjura","[""46042""]"
"Poland","Greater Poland, Powiat Zlotowski","Bielawa","[""77-400""]"
"Czech Republic","Ustecky Kraj","Jindrisska","[""431 11""]"
"Mexico","Mexico","Martell","[""55020""]"
"Italy","Lombardia, Sondrio","Montagna In Valtellina","[""23020""]"
"Estonia","Saaremaa, Kaarma","Tolli","[""93841""]"
"United States","Texas, Concho","Eden","[""76837""]"
"Afghanistan","Badghis, Ghormach","Shar Shar Zarif Shah","[""3353""]"
"Spain","Andalucia, Malaga","Carratraca","[""29551""]"
"Ukraine","Cherkasy Oblast, Horodyshchenskyi","Zelena Dibrova","[""19526""]"
"Mexico","Oaxaca","El Violin","[""71175""]"
"Germany","Thuringen","Brunnhartshausen","[""36452""]"
"Ukraine","Ivano-Frankivsk Oblast, Horodenkivskyi","Kolinky","[""78132""]"
"Japan","Saitama Ken, Kawaguchi Shi","Minamihatogaya","[""334-0013"",""334-8501""]"
"Poland","Lower Silesia, Trzebnica County","Mienice","[""55-114""]"
"Peru","Pasco, Vicco","Palgan Chueco","[""19410""]"
"Denmark","North Denmark, Jammerbugt Kommune","Saltum","[""9493""]"
"Australia","Queensland","Kureelpa","[""4560""]"
"Argentina","Cordoba","La Cruz","[""5249"",""5859""]"
"Poland","Lodz Voivodeship, Powiat Lowicki","Piaski Bankowe","[""99-423""]"
"Mexico","Sonora","Cafe Arely","[""83310""]"
"Austria","Oberosterreich, Politischer Bezirk Eferding, Hinzenbach","Unterleiten","[""4070""]"
"Mexico","Zacatecas","Cerro La Arena","[""99960""]"
"United Kingdom","England, Suffolk","Blythburgh","[""IP19""]"
"Mexico","Guanajuato","Lomas De Xido","[""37897""]"
"France","Grand Est, Marne","Crugny","[""51170""]"
"Austria","Oberosterreich, Politischer Bezirk Freistadt, Windhaag Bei Freistadt","Pieberschlag","[""4263""]"
"Spain","Castilla - Leon, Leon","Valderas","[""24220""]"
"Japan","Hokkaido, Obihiro Shi","Minamimachi","[""080-0857""]"
"Belgium","Wallonie, Luxembourg","Signeulx","[""6750""]"
"United States","Oregon, Union","Elgin","[""97827""]"
"United Kingdom","Scotland, Highland","Muir Of Ord","[""IV6""]"
"United Kingdom","Scotland, Perth And Kinross","Balvarran","[""PH10""]"
"Poland","Mazovia, Powiat Kozienicki","Grabnowola","[""26-903""]"
"Spain","Galicia, Pontevedra","Quireza","[""36116""]"
"Poland","Warmia-Masuria, Powiat Ilawski","Nowy Folwark","[""14-220""]"
"Poland","Mazovia, Powiat Plocki","Miszewko Strzalkowskie","[""09-472""]"
"Ukraine","Kharkiv Oblast, Vovchanskyi","Moskalivka","[""62532""]"
"Poland","Silesia, Powiat Lubliniecki","Brasowe","[""42-284""]"
"Ukraine","Zaporizhia Oblast, Vasylivskyi","Luhove","[""71620""]"
"Switzerland","Ticino, Blenio District, Acquarossa","Prugiasco","[""6723""]"
"Colombia","Cesar, Valledupar","Ciudad Tayrona Iii","[""200005""]"
"Russian Federation","Kostromskaya Oblast","Nikulino","[""157474""]"
"Turkey","Adana, Kozan","Duzagac","[""01500""]"
"Japan","Chiba Ken, Minamiboso Shi","Ishido","[""299-2503""]"
"Nigeria","Ogun, Obafemi Owode, Ajuru","Awo Lufoko","[""110114""]"
"Germany","Sachsen-Anhalt","Leislau","[""06618""]"
"Mauritius","Riviere Du Rempart","Grand GaubeQuartier Des Lauriers","[""30623""]"
"India","Karnataka, Shivamogga, Tirthahalli","Arga","[""577414""]"
"Nigeria","Ondo, Ile Oluji-Okeigbo, Tenidire","Ajana","[""351111""]"
"United Kingdom","England, West Sussex","Codmore Hill","[""RH20""]"
"Japan","Kyoto Fu, Funai Gun","Hosotani","[""629-1106""]"
"Japan","Wakayama Ken, Kainan Shi","Okada","[""642-0012""]"
"Poland","Warmia-Masuria, Powiat Goldapski","Jagiele","[""19-520""]"
"Japan","Shizuoka Ken, Fujinomiya Shi","Shimojo","[""418-0114""]"
"Poland","Silesia, Powiat Czestochowski","Sokole Pole","[""42-253""]"
"Latvia","Daugavpils Novads, Naujenes Pagasts","Buksti","[""LV""]"
"Japan","Chiba Ken, Isumi Gun","Yakoe","[""298-0222""]"
"Belarus","Mogilev Province, Asipovichy District, Lapichskiy Council","Ruchey","[""213728""]"
"Lithuania","Utena County","Moletai","[""33001""]"
"Argentina","Jujuy","Barrios","[""4650""]"
"Colombia","Cundinamarca, Choachi","La Palma","[""251627""]"
"Tunisia","Siliana, Bargou","Cite Air Nouvelle","[""6170""]"
"Spain","Galicia, A Coruna","Cullergondo","[""15318""]"
"Spain","Asturias","Lourido","[""33774"",""33775""]"
"Maldives","Male, Sabudheli Magu","Zenthrum","[""20327""]"
"India","Telangana, Khammam","Trunk Road","[""507003""]"
"Colombia","Valle Del Cauca, Cartago","Buenos Aires","[""762022""]"
"Algeria","Tiaret","Tiaret Bouhenni","[""14031""]"
"Bangladesh","Dhaka Division","Pangsha","[""7720""]"
"Lithuania","Vilniaus Apskritis","Pazemio K.","[""18025""]"
"Spain","Castilla - Leon, Avila","San Bartolome De Tormes","[""05631""]"
"Belarus","Grodno/hrodna Province, Shchuchyn District, Golovichpolskiy Council","Rusanovcy","[""231524""]"
"Switzerland","Neuchatel, Le Locle District, La Brevine","La Brevine","[""2406""]"
"Russian Federation","Moskovskaya Oblast","Ogudnevo","[""141135""]"
"China","Jiangsu, Gaoyou City","Pingsheng Township","[""225635""]"
"Israel","Hazafon, Kinneret","M.a Galil Tahton","[""1524800""]"
"Spain","Castilla - Leon, Palencia","Terradillos De Templarios","[""34349""]"
"India","Meghalaya, East Khasi Hills, Cherrapunjee","Mawblang","[""793108""]"
"India","Kerala, Kasargod, Kasaragod","Sheni","[""671552""]"
"Mexico","Tabasco","Residencial Puerta Real","[""86280""]"
"Argentina","San Luis","Banda Sud","[""5705""]"
"Chile","Coquimbo, Elqui, Coquimbo","Triunfo Campesino","[""1780000""]"
"Ukraine","Crimea, Rozdolnenskyi","Portove","[""96200""]"
"Japan","Fukushima Ken, Tamura Shi","Funehikimachi Nagatoro","[""963-4432""]"
"India","Bihar, Saran, Chapra","Sarhwara","[""841421""]"
"Lithuania","Vilniaus Apskritis","Rackunu K.","[""25001""]"
"Czech Republic","Jihomoravsky Kraj","Radejov","[""696 67""]"
"China","Henan, Pingqiao District","Jiudian Township","[""464116""]"
"Japan","Wakayama Ken, Ito Gun","Higashitani","[""649-7101""]"
"United States","Nebraska, Thayer","Gilead","[""68362""]"
"Japan","Tokyo To, Ome Shi","Sumiecho","[""198-0084""]"
"India","Rajasthan, Bharatpur","Behnera","[""321001""]"
"China","Anhui, Feidong County","Beizhao Township","[""236151""]"
"Japan","Hokkaido, Mikasa Shi","Honcho","[""068-2141""]"
"Maldives","Male, Ameenee Magu","Viluveli","[""20239""]"
"Japan","Niigata Ken, Sado Shi","Aikawa Shioyamachi","[""952-1542""]"
"Japan","Hyogo Ken, Kakogawa Shi","Noguchicho Sakamotokita","[""675-0010""]"
"United Kingdom","England, Powys","Brooks","[""SY21""]"
"Nigeria","Borno, Askira-Uba, Askira","Njoma","[""601103""]"
"Italy","Liguria, La Spezia","Comuneglia","[""19028""]"
"China","Fujian, Longyan City","Yanshi Town","[""364002""]"
"Mexico","Michoacan De Ocampo","Chocolate","[""61384""]"
"Germany","Sachsen-Anhalt","Behnsdorf","[""39356""]"
"Indonesia","North Sulawesi, Bitung","Batulubang","[""95552""]"
"Turkey","Hatay, Belen","Komurcukuru","[""31350""]"
"United States","Colorado, Clear Creek","Empire","[""80438""]"
"Japan","Tokushima Ken, Awa Shi","Yoshinocho Gojo","[""771-1403""]"
"Japan","Shizuoka Ken, Hamamatsu Shi","Ogawa","[""431-3752""]"
"Nigeria","Niger, Borgu, Wawa","T/okofun","[""912105""]"
"Latvia","Daugavpils","Februara Iela","[""LV""]"
"Austria","Oberosterreich, Politischer Bezirk Rohrbach, Ahorn","Piberstein","[""4184""]"
"Ecuador","Los Rios, Quevedo","San Cristobal","[""120506""]"
"Estonia","Laanemaa, Hanila","Kause","[""90107""]"
"Italy","Toscana, Livorno","Colognole","[""57014""]"
"France","Normandie, Orne","Saint-Evroult-Notre-Dame-Du-Bois","[""61550""]"
"Estonia","Polvamaa, Valgjarve","Puugi","[""63412""]"
"Russian Federation","Primorskiy Kray","Timiryazevskiy","[""692539""]"
"Australia","Western Australia, Kalgoorlie","Boorara","[""6431""]"
"China","Henan, Xihua County","Xixiating Town","[""466633""]"
"China","Hubei, Xiangfan City","Daqingdong Road","[""441001""]"
"Japan","Hyogo Ken, Himeji Shi","Shinzaike","[""670-0095""]"
"Colombia","Cundinamarca, Arbelaez","Aguanegra","[""252008""]"
"Nigeria","Kaduna, Jema'a, Kagoma / Asso","Ngakyozi","[""801104""]"
"United States","Virginia, King And Queen","Newtown","[""23126""]"
"Nigeria","Kogi, Koton Karifi","Kpakpara Gakiya","[""260105""]"
"Argentina","Santiago Del Estero","El Cachi","[""5251""]"
"Lithuania","Vilniaus Apskritis","Sniegiu K.","[""15004""]"
"Afghanistan","Helmand, Kajaki","Machi Khail","[""3957""]"
"Italy","Campania, Salerno","Padula","[""84034""]"
"Colombia","Huila, Neiva","Chapinero","[""410010"",""410018""]"
"Nepal","Madhyamanchal, Bagmati, Sindhupalchok","Sindhupalchok","[""45300""]"
"Belarus","Grodno/hrodna Province, Smarhon District, Lyloytinskiy Council","Lapovoynya","[""231015""]"
"Mexico","Durango","Los Alazanes","[""34685""]"
"India","Punjab, Mohali, S.a.s.nagar","Sohana","[""140308""]"
"Japan","Saitama Ken, Iruma Gun","Kosugi","[""350-0422""]"
"Russian Federation","Saratovskaya Oblast","Piterka","[""413320""]"
"Mexico","Oaxaca","Sagrado Corazon","[""68418""]"
"India","West Bengal, North Dinajpur, Dalkhola","Sripur","[""733201""]"
"Poland","Podlasie, Lomza County","Nowe Bozejewo","[""18-430""]"
"Vietnam","Bac Trung Bo, Thanh Hoa, Tho Xuan","Tay Ho","[""440000""]"
"Mexico","Queretaro","Higuerillas","[""76520""]"
"Mexico","Yucatan","Orquideas","[""97782""]"
"India","Arunachal Pradesh, Lohit, Tezu","Changliang","[""792001""]"
"Russian Federation","Volgogradskaya Oblast","Pallasovka 2","[""404262""]"
"India","Maharashtra, Sindhudurg, Vaibhavwadi","Nadhavade","[""416810""]"
"Mexico","Jalisco","Santa Isabel De Quililla","[""46840""]"
"Hungary","Baranya","Mecseknadasd","[""7695""]"
"Austria","Oberosterreich, Politischer Bezirk Ried Im Innkreis, Tumeltsham","Aigen","[""4911""]"
"Poland","Warmia-Masuria, Powiat Elblaski","Kwietniewo","[""14-411""]"
"Cyprus","Larnaca","Stathmos Choirokoitias","[""7742""]"
"Russian Federation","Sahalinskaya Oblast","Malinovka","[""694211""]"
"Italy","Piemonte, Asti","Maranzana","[""14040""]"
"Mexico","Zacatecas","El Patrocinio","[""98060""]"
"Spain","Cantabria","Mollaneda","[""39776""]"
"Japan","Ibaraki Ken, Shimotsuma Shi","Hibashi","[""304-0046""]"
"Spain","Castilla - Leon, Zamora","Santa Marta De Tera","[""49626""]"
"Japan","Mie Ken, Tsu Shi","Hisai Hommachi","[""514-1135""]"
"Argentina","Santiago Del Estero","Burra Huanauana","[""4208""]"
"France","Bourgogne-Franche-Comte, Cote-D'or","La Roche-En-Brenil","[""21530""]"
"Ukraine","Khmelnytskyi Oblast, Starokostiantynivskyi","Pershokvitneve","[""31113""]"
"Japan","Niigata Ken, Agano Shi","Tsukada","[""959-1966""]"
"Belarus","Gomel Province, Kalinkavichy District, Kryukovichskiy Council","Visha","[""247733""]"
"Poland","Mazovia, Powiat Ciechanowski","Humiecino-Koski","[""06-460""]"
"Russian Federation","Chechenskaya Respublika","Gilyany","[""366227""]"
"United Kingdom","England, West Midlands","Moseley","[""B13""]"
"Japan","Hiroshima Ken, Fukuyama Shi","Ichimonjicho","[""721-0953"",""721-8631"",""721-8688""]"
"France","Nouvelle-Aquitaine, Charente","La Chapelle","[""16140""]"
"India","Odisha, Kalahandi, Bhawanipatna","Medinipur","[""766002""]"
"United States","South Carolina, Kershaw","Camden","[""29020"",""29021""]"
"Nigeria","Oyo, Ogbomosho South, Ogbomosho","Abepe Area","[""210101""]"
"Japan","Tokushima Ken, Miyoshi Shi","Higashiiya Ochiai","[""778-0202""]"
"Italy","Lombardia, Bergamo","Endine Gaiano","[""24060""]"
"Nigeria","Rivers, Eleme","Eyaa","[""501101""]"
"Turkey","Gaziantep, Sehitkamil","Gungurge","[""27000""]"
"Poland","Lubusz, Powiat Sulecinski","Krzemow","[""66-435""]"
"Peru","La Libertad, Sanchez Carrion, Sanagoran","Chugurbamba","[""13310""]"
"Mexico","Chihuahua","Cisneros","[""33970""]"
"Maldives","Male, Chaandhanee Magu","Bodugalumaafaiyge","[""20194""]"
"Mexico","Oaxaca","Santa Maria Naranjo","[""71388""]"
"Belarus","Brest Province, Liakhavichy District, Zherebkovichskiy Council","Domashi","[""225375""]"
"Armenia","Kotayk, Charentsavan","Vardanavanq","[""2505""]"
"Vietnam","Dong Bang Song Cuu Long, Kien Giang, Vinh Thuan","Vinh Binh Nam","[""920000""]"
"Japan","Tochigi Ken, Yaita Shi","Nagai","[""329-2514""]"
"China","Heilongjiang, Fuyu County","Fulu Town","[""161211""]"
"Mexico","Chihuahua","Chavira 2","[""33767""]"
"Nigeria","Akwa Ibom, Etim Ekpo, Obong","Ibio Nung Achat","[""532109""]"
"Mexico","Jalisco","Coto San Francisco","[""45200""]"
"Austria","Steiermark, Politischer Bezirk Deutschlandsberg, Wies","Buchenberg","[""8551"",""8553""]"
"Argentina","Neuquen","Patria","[""8345""]"
"United Kingdom","England, Shropshire","Shelton","[""SY3""]"
"Japan","Hyogo Ken, Kobe Shi","Harada","[""657-0802""]"
"Cambodia","Phnom Penh, Tuol Kouk, Phsar Depou Muoy","Phum 1","[""12153""]"
"India","Chattisgarh, Bastar, Keshkal","Bangaon","[""494228""]"
"Japan","Niigata Ken, Ojiya Shi","Wakaba","[""947-0054""]"
"Russian Federation","Chuvashskaya Respublika","Cheboksary 35","[""428035""]"
"Russian Federation","Adygeya Respublika","Ignatevskiy","[""385430""]"
"India","Punjab, Moga","Salina","[""142048""]"
"Mexico","Michoacan De Ocampo","Las Haciendas","[""60136"",""60885""]"
"Japan","Hokkaido, Asahikawa Shi","Omachi1-Jo","[""070-0841""]"
"Croatia","Istarska","Antonci","[""52440""]"
"Mexico","Durango","Mexico Y Los Lirios","[""35360""]"
"Russian Federation","Arhangelskaya Oblast","Kotlas 12","[""165312""]"
"Ukraine","Cherkasy Oblast, Drabivskyi","Kononivka,selyshche","[""19810""]"
"Italy","Piemonte, Cuneo","Polonghera","[""12030""]"
"China","Jilin, Baishan City","Dashiren Township","[""134332""]"
"France","Pays De La Loire, Sarthe","Fresnay-Sur-Sarthe","[""72130""]"
"Argentina","Mendoza","Bajo Lunlunta","[""5517""]"
"Kazakhstan","Karagandy, Agadyr","Verkhnie Kairakty","[""101716""]"
"India","Karnataka, Kodagu, Somwarpet","Mudravalli","[""571235""]"
"Russian Federation","Severnaya Osetiya-Alaniya Respublika","Buron","[""363224""]"
"Mexico","Jalisco","Escalofrio De Santa Fe","[""45463""]"
"India","Odisha, Kendujhar, Anandapur","Tarimul","[""758025""]"
"Pakistan","Punjab","Adda Gambeer","[""57460""]"
"Japan","Toyama Ken, Himi Shi","Nakayachi","[""935-0055""]"
"Austria","Karnten, Politischer Bezirk Spittal An Der Drau, Greifenburg","Amlach","[""9761""]"
"Poland","Greater Poland, Powiat Sredzki","Michalow","[""63-040""]"
"Czech Republic","Jihocesky Kraj","Hostisovice","[""388 01""]"
"Ukraine","Zhytomyr Oblast, Ovrutskyi","Korchivka","[""11102""]"
"France","Occitanie, Tarn-Et-Garonne","Saint-Jean-Du-Bouzet","[""82120""]"
"Belarus","Vitebsk Province, Verkhnedvinsk District, Dernovichskiy Council","Sloboda","[""211605""]"
"Mexico","Tamaulipas","Miramar","[""89540"",""89604""]"
"Spain","Castilla - Leon, Leon","San Cibrian De Ardon","[""24232""]"
"Hungary","Zala","Egeraracsa","[""8765""]"
"Ukraine","Ivano-Frankivsk Oblast, Nadvirnianskyi","Chorni Oslavy","[""78462""]"
"Poland","Swietokrzyskie, Powiat Buski","Kepa Lubawska","[""28-133""]"
"France","Auvergne-Rhone-Alpes, Ain","Beligneux","[""01360""]"
"United Kingdom","England, Surrey","The Sands","[""GU10""]"
"Slovakia","Nitriansky Kraj","Holotka","[""951 42""]"
"Japan","Hokkaido, Sapporo Shi","Utsukushigaoka 5-Jo","[""004-0815""]"
"Germany","Bayern","Aidhausen","[""97491""]"
"Nigeria","Rivers, Tai","Kenkoro","[""501102""]"
"Japan","Kochi Ken, Takaoka Gun","Mineko","[""789-1225""]"
"Bulgaria","Gabrovo","Boycheta","[""5309""]"
"Spain","Pais Vasco, Vizcaya","Maruri-Jatabe","[""48112""]"
"Peru","Loreto, Ucayali, Padre Marquez","Tiruntan","[""16491""]"
"Israel","Judea And Samaria","Nofim","[""4484100""]"
"India","West Bengal, Hooghly, Khanakul2B","Palaspai","[""712416""]"
"Japan","Oita Ken, Oita Shi","Ikanikeisaiganaibaai","[""870-0100""]"
"Spain","Murcia","Alamillo","[""30868""]"
"France","Nouvelle-Aquitaine, Charente-Maritime","Saint-Quantin-De-Rancanne","[""17800""]"
"Colombia","Quindio, Calarca","La Leona","[""632008""]"
"Mexico","Chihuahua","Los Horcones","[""31986""]"
"Argentina","La Pampa","Las Tres Hermanas","[""6331""]"
"Ecuador","Imbabura, Ibarra","Ambuqui","[""100151""]"
"France","Grand Est, Meurthe-Et-Moselle","Roville-Devant-Bayon","[""54290""]"
"Japan","Hokkaido, Esashi Gun","Kanzaki","[""098-5562""]"
"Austria","Karnten, Politischer Bezirk Sankt Veit An Der Glan, St. Georgen Am Langsee","St. Peter","[""9313""]"
"Russian Federation","Moskovskaya Oblast","Semenovo","[""142522""]"
"Brazil","Sao Paulo","Promissao","[""16370-000""]"
"Slovenia",,"Radlje Ob Dravi","[""2360""]"
"Australia","Western Australia, Kalgoorlie","Little Italy","[""6355""]"
"United Kingdom","Wales, Isle Of Anglesey","Llanbadrig","[""LL67""]"
"United Kingdom","Wales, Gwynedd","Tal-Y-Llyn","[""LL36""]"
"United Kingdom","Wales, Carmarthenshire","Pwll","[""SA15""]"
"Australia","New South Wales, Illawarra","Koonawarra","[""2530""]"
"Australia","Victoria, Vic Far Country","Musk","[""3461""]"
"Australia","Western Australia, Kalgoorlie","Broomehill East","[""6318""]"
"Australia","Queensland, Toowoomba Se Cnr","Cheepie","[""4475""]"
"Australia","New South Wales, Hunter","Millers Forest","[""2324""]"
"Australia","Queensland, Toowoomba Se Cnr","Chelmsford","[""4606""]"
"France","Auvergne-Rhone-Alpes, Puy-De-Dome","Bansat","[""63570""]"
"Colombia","Santander, Sabana De Torres","Llanogrande","[""687008""]"
"Croatia","Dubrovacko-Neretvanska","Komarna","[""20355""]"
"Mexico","Puebla","Atlixco Centro","[""74200""]"
"Mexico","Puebla","El Mayorazgo","[""72456""]"
"Mexico","Puebla","Maestro Federal","[""72080""]"
"Mexico","Puebla","Reyeshogpan De Hidalgo","[""73566""]"
"Mexico","Puebla","Yehualtepec","[""75670""]"
"Mexico","Veracruz De Ignacio De La Llave","El Bosque Segunda Seccion","[""96640""]"
"Mexico","Veracruz De Ignacio De La Llave","Hidalgo","[""91143"",""92037"",""92910"",""93653"",""94964"",""95333"",""95396"",""95839"",""96100"",""96106"",""96980""]"
"Mexico","Veracruz De Ignacio De La Llave","Las Puertas","[""94263""]"
"Mexico","Veracruz De Ignacio De La Llave","Leonardo Lara Garcia","[""96300""]"
"Mexico","Veracruz De Ignacio De La Llave","Poblado 5","[""96940""]"
"Mexico","Veracruz De Ignacio De La Llave","Santa Clara 2","[""92106""]"
"Russian Federation","Vologodskaya Oblast","Prokunino","[""160552""]"
"Russian Federation","Stavropolskiy Kray","Kommayak","[""357313""]"
"Mexico","Sinaloa","Las Garzas","[""81048"",""81490""]"
"Mexico","Sinaloa","Renato Vega Amador","[""80280"",""80430"",""80450"",""81095""]"
"China","Guangdong, Guangzhou City","Julongshijing Zhen","[""510435""]"
"Japan","Miyazaki Ken, Miyazaki Shi","Ehira Nishi","[""880-0051""]"
"Russian Federation","Omskaya Oblast","Roschinskiy","[""646978""]"
"India","Kerala, Malappuram, Nilambur","Tharis","[""676523""]"
"Serbia","Centralna Srbija, Jablanica, Lebane","Sekicol","[""16230""]"
"China","Chongqing, Dianjiang County","Taiping Township","[""408307""]"
"Poland","Podlasie, Powiat Wysokomazowiecki","Makowo","[""18-204""]"
"Kazakhstan","North Kazakhstan, Musrepova Region","Andreevka","[""150402""]"
"Poland","Pomerania, Powiat Wejherowski","Lebno","[""84-217""]"
"Peru","Apurimac, Grau, Virundo","Sayhua","[""03360""]"
"Portugal","Leiria","Regueira De Pontes","[""2415-026"",""2415-190"",""2415-191"",""2415-192"",""2415-193"",""2415-194"",""2415-195"",""2415-196"",""2415-197"",""2415-198"",""2415-199"",""2415-200"",""2415-201"",""2415-202"",""2415-203"",""2415-204"",""2415-205"",""2415-206"",""2415-207"",""2415-208"",""2415-209"",""2415-210"",""2415-211"",""2415-212"",""2415-213""]"
"Algeria","Tissemsilt","Ghazlia","[""38002""]"
"Belarus","Minsk Province, Myadzel District, Slobodskiy Council","Konstantinovo","[""222392""]"
"Indonesia","Java West, Cirebon","Perbutulan","[""45613""]"
"Argentina","Entre Rios","Cantera La Constancia","[""3287""]"
"Switzerland","Canton Du Valais, Entremont District, Liddes","Chez Petit","[""1945""]"
"India","Odisha, Sundergarh, Lahunipara","Roxy","[""770040""]"
"Ukraine","Sumy Oblast, Sumskyi","Chervona Dibrova","[""42350""]"
"United States","California, San Joaquin","Thornton","[""95686""]"
"Colombia","Cauca, Popayan","La Meseta","[""190007""]"
"Belarus","Brest Province, Luninets District, Bostynskiy Council","Krivyach","[""225654""]"
"Spain","Cataluna, Girona","Veinat De Ganix","[""17240""]"
"Algeria","Ain-Defla","Sidi Bouabida","[""44026""]"
"Ukraine","Volyn Oblast, Ratnivskyi","Postupel","[""44163""]"
"Japan","Ishikawa Ken, Kanazawa Shi","Nakaya","[""920-0381""]"
"Lithuania","Panevezys","Sb ÂGijaâ","[""38067""]"
"Germany","Thuringen","Zadelsdorf","[""07937""]"
"United States","North Carolina, Bertie","Roxobel","[""27872""]"
"Afghanistan","Kapisa, Tagab","Kakar","[""1256""]"
"Japan","Yamanashi Ken, Hokuto Shi","Hakushucho Yokote","[""408-0313""]"
"Japan","Gifu Ken, Gifu Shi","Kano Jonandori","[""500-8486""]"
"Poland","Opole Voivodeship, Powiat Opolski","Zimnice Wielkie","[""46-060""]"
"Russian Federation","Kabardino-Balkarskaya Respublika","Mayskiy 2","[""361112""]"
"Japan","Kyoto Fu, Kyoto Shi","Shoshinjicho","[""600-8116""]"
"Vietnam","Dong Bang Song Hong, Ha Noi, Tay Ho","Cam Yen","[""000000""]"
"Japan","Kanagawa Ken, Hadano Shi","Terayama","[""257-0023""]"
"Hungary","Baranya","Villany","[""7773""]"
"India","Jammu & Kashmir, Kathua","Logate","[""184104""]"
"Japan","Saitama Ken, Hiki Gun","Kachida","[""355-0203""]"
"Japan","Kagawa Ken, Marugame Shi","Hiroshimachokoro","[""763-0104""]"
"Lithuania","Marijampole County","Pavarteliu K.","[""70037""]"
"China","Hunan, Liling City","ChanglianChangtanJianjiang","[""412225""]"
"Italy","Trentino-Alto Adige, Bolzano-Bozen","Campil","[""39030""]"
"Spain","Aragon, Zaragoza","Rueda De Jalon","[""50295""]"
"Turkey","Bursa, Orhaneli","Celepler","[""16980""]"
"Mexico","Oaxaca","Santa Maria Josaa","[""68728""]"
"Japan","Shizuoka Ken, Sunto Gun","Nagasawa","[""411-8611"",""411-8610"",""411-0905""]"
"United States","California, Santa Barbara","Goleta","[""93116"",""93117"",""93118"",""93199""]"
"Australia","South Australia","Verran","[""5603""]"
"Peru","La Libertad, Gran Chimu, Cascas","La Manzana","[""13780""]"
"Austria","Niederosterreich, Politischer Bezirk Melk, Mank","Grosaigen","[""3240""]"
"Kazakhstan","Akmola, Shortandy","Novoselovka","[""021611""]"
"Russian Federation","Ryazanskaya Oblast","Morozovy Borki","[""391950""]"
"Mexico","Morelos","Lomas De Texcal","[""62574""]"
"Spain","Galicia, Lugo","Foz","[""27780"",""27780""]"
"Russian Federation","Moskva","Moskva-Gtsmpp 276","[""102276""]"
"Colombia","Quindio, Filandia","El Vigilante","[""634008""]"
"China","Jiangsu, Changshu City","Liantang Town","[""215551""]"
"Mexico","Jalisco","El Camalote","[""48826""]"
"Mexico","San Luis Potosi","Unidad Ponciano Arriaga 3A Seccion","[""78390""]"
"Indonesia","East Nusa Tenggara, Sikka","Nangameting","[""86118""]"
"Lithuania","Vilniaus Apskritis","Burtkaimio K.","[""20012""]"
"Indonesia","Java East, Bondowoso","Sukosari","[""68287""]"
"Romania","Suceava","Burla","[""727616""]"
"Argentina","Chubut","Buen Pasto","[""9023""]"
"Guatemala","Depto De Escuintla","Tiquisate","[""05006""]"
"Spain","Galicia, A Coruna","Poligono Industrial As Somozas","[""15565""]"
"Argentina","Tucuman","Espinal","[""4137""]"
"Latvia","Daugavpils Novads, Sventes Pagasts","Silupe","[""LV""]"
"Afghanistan","Farah","Karje Mir Ahmad","[""3101""]"
"India","Rajasthan, Dungarpur","Galiakot","[""314026""]"
"Poland","Pomerania, Powiat Koscierski","Stare Slone","[""83-425""]"
"Russian Federation","Udmurtskaya Respublika","Pochinki","[""427690""]"
"Latvia","Jurmala","Amatas Iela","[""LV""]"
"China","Beijing, Miyun County","Dachengzi Township","[""101502""]"
"China","Anhui, Taihu County","Shanlong Township","[""246416""]"
"Moldova","Ribnita Tr.","Ghersunovca","[""MD-5535""]"
"India","West Bengal, West Midnapore, Bakrachak","Bakrachak","[""721135""]"
"Russian Federation","Leningradskaya Oblast","Gavrilovo","[""188870""]"
"Russian Federation","Volgogradskaya Oblast","Smorodino","[""403813""]"
"France","Hauts-De-France, Oise","Les Ageux","[""60700""]"
"Nigeria","Ondo, Ose, Ute","Aso-Finch","[""341119""]"
"Mexico","Guerrero","Bataz","[""40976""]"
"Lithuania","Marijampole County","Kiaulupiu K.","[""71001""]"
"Nigeria","Kano, Dambatta, Danbatta","Fogolawa","[""702104""]"
"Nigeria","Kwara, Asa, Afon","Igboroko-Isale","[""240104""]"
"Japan","Tottori Ken, Hino Gun","Maruyama","[""689-5213""]"
"Ukraine","Ternopil Oblast, Monastyryskyi","Zalissia","[""48351""]"
"Cambodia","Tbong Khmum, Ou Reang Ov, Preah Theat","Phum Mpheypram","[""03357""]"
"Spain","Murcia","Alto Palomo","[""30540""]"
"Japan","Hiroshima Ken, Fukuyama Shi","Ekiyacho Hattorinagatani","[""720-2522""]"
"Mexico","Tabasco","Lagartera 2A Secc","[""86276""]"
"Japan","Yamaguchi Ken, Iwakuni Shi","Atagomachi","[""740-0037"",""740-8510""]"
"Spain","Galicia, Pontevedra","Cumieira De Riba","[""36770""]"
"India","Jammu & Kashmir, Kupwara","Khumriyal","[""193222""]"
"Austria","Oberosterreich, Politischer Bezirk Vocklabruck, Ottnang Am Hausruck","Grub","[""4901""]"
"Australia","Victoria","Bullumwaal","[""3875""]"
"France","Grand Est, Aube","Arcis-Sur-Aube","[""10700""]"
"Spain","Cantabria","Riancho","[""39809""]"
"India","Andhra Pradesh, Kurnool","Allur","[""518432""]"
"Ukraine","Mykolaiv Oblast, Pervomaiskyi","Katerynka","[""55263""]"
"France","Bretagne, Ille-Et-Vilaine","Saint-Didier","[""35220""]"
"United States","Illinois, Tazewell","Mackinaw","[""61755""]"
"Germany","Bayern","Salching","[""94330""]"
"Spain","Comunidad Valenciana, Valencia","Alpuente","[""46178""]"
"Latvia","Krustpils Novads, Kuku Pagasts","Lamani","[""LV""]"
"Ukraine","Luhansk Oblast, Troitskyi","Krasna Chapliivka","[""92123""]"
"Japan","Okayama Ken, Mimasaka Shi","Suzuke","[""709-4256""]"
"China","Jiangxi, Ningdu County","Huitong Township","[""342801""]"
"Nigeria","Kaduna, Sanga, Aboro","Wakili Fulani Antor","[""801129""]"
"United States","Montana, Stillwater","Park City","[""59063""]"
"Peru","San Martin, Tocache","Alto Huaquisha Bombonaje","[""22540""]"
"Belarus","Vitebsk Province, Dubrovno District, Klenovskiy Council","Lyahovka","[""211590""]"
"Algeria","Setif","Izougaghene Mechtal","[""19028""]"
"Japan","Fukushima Ken, Ishikawa Gun","Yomogidashinden","[""963-8201""]"
"Japan","Hokkaido, Abashiri Gun","Toyotomi","[""092-0023""]"
"Nigeria","Benue, Kwande, Nanev","Iyon-Mbahav","[""982101""]"
"India","Bihar, Samastipur","Kashipur","[""848101""]"
"Afghanistan","Faryab, Qaysar","Kohi","[""1863""]"
"Poland","Greater Poland, Powiat Kepinski","Nieprosin","[""63-642""]"
"Poland","Greater Poland, Powiat Sremski","Orkowo","[""63-100""]"
"Russian Federation","Bashkortostan Respublika","Taymeevo","[""452484""]"
"Russian Federation","Ulyanovskaya Oblast","Klyuchiki","[""433817""]"
"Russian Federation","Smolenskaya Oblast","Krasnyy Holm","[""215247""]"
"Brazil","Mato Grosso","Brasnorte","[""78350-000""]"
"Nigeria","Kwara, Ifelodun, Idofin","Idofin","[""241112""]"
"Belarus","Vitebsk Province, Miory District, Dvornoselskiy Council","Stefanovo","[""211938""]"
"Russian Federation","Sverdlovskaya Oblast","Verhnyaya Sinyachiha 1","[""624691""]"
"Romania","Covasna","Valea Mica","[""527046""]"
"India","Jharkhand, Giridh, Dhanwar","Hemrodih","[""825412""]"
"Latvia","Rezekne","Lauku Iela","[""LV""]"
"Colombia","Cauca, Caloto","El Arrayan","[""191077""]"
"Mexico","Michoacan De Ocampo","Chalmita","[""61082""]"
"Spain","Canarias, Santa Cruz De Tenerife","Los Acevinos","[""38890""]"
"Ukraine","Vinnytsia Oblast, Orativskyi","Sabarivka","[""22651""]"
"Colombia","Huila, Guadalupe","Chorrillos","[""416048""]"
"Japan","Nagano Ken, Ueda Shi","Yamada","[""386-1432""]"
"Russian Federation","Dagestan Respublika","Bolshebredihinskiy","[""368811""]"
"Poland","Silesia, Powiat Myszkowski","Stara Huta","[""42-350""]"
"Japan","Gifu Ken, Gifu Shi","Manrikicho","[""500-8044""]"
"Algeria","Tlemcen","Dahar","[""13014""]"
"Nigeria","Ogun, Ado-Odo/ota, Igbesa","Isaga Onlado","[""112102""]"
"Japan","Aichi Ken, Kasugai Shi","Hayashijimacho","[""486-0854""]"
"Belarus","Minsk Province, Lahoisk District, Kamenskiy Council","Staeckie","[""223132""]"
"Estonia","Laane-Virumaa, Vaike-Maarja","Pudivere","[""46225""]"
"Ukraine","Sumy Oblast, Lebedynskyi","Lyfyne","[""42240""]"
"Chile","Los Lagos, Chiloe, Quemchi","Isla Tac","[""5720000""]"
"Japan","Hiroshima Ken, Hiroshima Shi","Yahatahigashi","[""731-5115""]"
"Japan","Aichi Ken, Inazawa Shi","Ibori Gamarokucho","[""492-8467""]"
"India","Punjab, Moga","Khosa Randhir","[""152028""]"
"China","Shandong, Linyi City","Zaogoutou Township","[""276038""]"
"Japan","Hokkaido, Kushiro Shi","Akancho Okurushube","[""085-0468""]"
"France","Centre-Val De Loire, Eure-Et-Loir","Saint-Prest","[""28300""]"
"Austria","Oberosterreich, Politischer Bezirk Ried Im Innkreis, Mettmach","Jagleck","[""4931""]"
"Austria","Karnten, Politischer Bezirk Hermagor, Kotschach-Mauthen","Strajach","[""9651""]"
"France","Hauts-De-France, Oise","Fresneaux-Montchevreuil","[""60240""]"
"China","Hunan, Yuanling County","Guanzhuang Town","[""419605""]"
"Czech Republic","Jihocesky Kraj","Hospriz","[""377 01""]"
"Nigeria","Oyo, Iwajowa, Idiko Ago / Itasa / Ayetoroile","Dauda Village","[""202114""]"
"India","Madhya Pradesh, Rewa, Raipur - Karchuliyan","Naudhia","[""486114""]"
"Italy","Friuli-Venezia Giulia, Udine","Villanova Di San Daniele","[""33038""]"
"Italy","Marche, Macerata","Potenza Picena","[""62018""]"
"Czech Republic","Liberecky Kraj","Loukovicky","[""463 43""]"
"Mexico","Zacatecas","San Jose De Felix","[""99109""]"
"Japan","Hyogo Ken, Kobe Shi","Kitamaiko","[""655-0045""]"
"Mexico","Oaxaca","Fidel Pena Hernandez","[""70046""]"
"Japan","Shizuoka Ken, Susono Shi","Momozono","[""410-1126""]"
"Nigeria","Sokoto, Tambuwal, Tambawal","Bagida","[""850101""]"
"Japan","Saga Ken, Saga Shi","Kononishi","[""840-0805""]"
"Germany","Sachsen-Anhalt","Harsleben","[""38829""]"
"Japan","Fukui Ken, Echizen Shi","Shimoodacho","[""915-0881""]"
"Thailand","Khon Kaen","Ban Phai","[""40110""]"
"Russian Federation","Ryazanskaya Oblast","Fedorovskoe","[""391759""]"
"Finland","North Karelia, Joensuu","Heinavaara","[""82110""]"
"China","Yunnan, Luliang County","Zhaokua Town","[""655606""]"
"Japan","Hyogo Ken, Himeji Shi","Chiyodamachi","[""670-0993""]"
"Japan","Kyoto Fu, Kyoto Shi","Nishikujo Zaocho","[""601-8414""]"
"India","Rajasthan, Udaipur, Gogunda","Rao Madra","[""313708""]"
"Nigeria","Benue, Okpokwu, Owukpa","Iga-Uroko","[""973103""]"
"Afghanistan","Baghlan, Baghlani Jadid","Khalid Zai","[""3661""]"
"Poland","Warmia-Masuria, Powiat Szczycienski","Chochol","[""12-140"",""12-150""]"
"United States","New Jersey, Camden","Collingswood","[""08108""]"
"France","Auvergne-Rhone-Alpes, Savoie","Orelle","[""73140""]"
"Mexico","Guanajuato","Moctezuma","[""38035""]"
"Lithuania","Panevezys","Labiskio K.","[""42022""]"
"Poland","Lodz Voivodeship, Powiat Wieruszowski","Siedliska","[""98-420""]"
"Argentina","Salta","Capitan Juan Page","[""4554""]"
"Argentina","Cordoba","Pampayasta Sud","[""5931""]"
"Japan","Aichi Ken, Tahara Shi","Hazecho","[""441-3406""]"
"Poland","Warmia-Masuria, Powiat Bartoszycki","Kicina","[""11-200""]"
"France","Nouvelle-Aquitaine, Gironde","Saint-Seurin-De-Bourg","[""33710""]"
"Spain","Galicia, Ourense","San Estebo De Novoa","[""32416""]"
"India","West Bengal, Malda, Kaliachak","Gayeshbari","[""732206""]"
"United Kingdom","England, Warwickshire","Knightcote","[""CV33""]"
"Philippines",,"Baesa","[""1106"",""1401""]"
"Philippines",,"Batad","[""5016""]"
"France","Occitanie, Lot","Ginouillac","[""46300""]"
"South Africa",,"Lavender Hill","[""7945""]"
"South Africa",,"Marquard","[""9610""]"
"Germany","Rheinland-Pfalz","Haschbach Am Remigiusberg","[""66871""]"
"Germany","Rheinland-Pfalz","Nochern","[""56357""]"
"Spain","Extremadura, Caceres","El Pino","[""10514""]"
"Canada","Quebec, Montreal","Westmount West","[""H3Y""]"
"Spain","Comunidad Valenciana, Alicante","Almajal","[""03360""]"
"Spain","Comunidad Valenciana, Alicante","Canor","[""03720""]"
"France","Grand Est, Meuse","Landrecourt-Lempire","[""55100""]"
"Czech Republic","Stredocesky Kraj","Burinsko 2.Dil","[""294 13""]"
"Czech Republic","Stredocesky Kraj","Radesice","[""264 01""]"
"Maldives","Male, Janavaree Magu","Velasfaruge Aage","[""20047""]"
"United Kingdom","England, Greater London","Broad Street","[""EC2""]"
"United Kingdom","England, Greater London","St Paul's","[""EC4""]"
"Romania","Caras-Severin","Mal","[""325702""]"
"China","Chongqing, Hechuan County","Dashi Township","[""401546""]"
"Spain","Asturias","Penouta","[""33720"",""33888""]"
"Kazakhstan","North Kazakhstan, Akkayin","Astrakhanka","[""150301""]"
"Spain","Galicia, Lugo","Ferreiros Balboa","[""27647""]"
"Peru","Ayacucho, Parinacochas, Coracora","Poccoray","[""05610""]"
"Switzerland","Kanton Thurgau, Weinfelden District, Wigoltingen","Mullheim-Wigoltingen","[""8554""]"
"Russian Federation","Tverskaya Oblast","Kaschenki","[""172450""]"
"Japan","Tokushima Ken, Awa Shi","Awacho Daijiro","[""771-1702""]"
"United States","Nebraska, Saline","Friend","[""68359""]"
"Turkey","Mersin, Anamur","Ucari","[""33660""]"
"Nigeria","Cross River, Bakassi, Ikot Naka-Nda","Efe Efik Imaha","[""541111""]"
"Japan","Tokyo To, Chiyoda Ku","Marunochi Tokyobirudeingu","[""100-6401"",""100-6402"",""100-6403"",""100-6404"",""100-6405"",""100-6406"",""100-6407"",""100-6408"",""100-6409"",""100-6410"",""100-6411"",""100-6412"",""100-6413"",""100-6414"",""100-6415"",""100-6416"",""100-6417"",""100-6418"",""100-6419"",""100-6420"",""100-6421"",""100-6422"",""100-6423"",""100-6424"",""100-6425"",""100-6426"",""100-6427"",""100-6428"",""100-6429"",""100-6430"",""100-6431"",""100-6432"",""100-6433""]"
"India","Gujarat, Narmada, Nandod","Shehrav","[""393150""]"
"Peru","Ayacucho, Victor Fajardo, Huaya","Tunio","[""05430""]"
"Mexico","Nuevo Leon","Las Espigas 2Do Sector","[""67485""]"
"Nigeria","Niger, Magama, Auna","Malela","[""923106""]"
"Maldives","Male, Daisy Magu","Pompiyage","[""20130""]"
"Japan","Niigata Ken, Niigata Shi","Kawagishicho","[""951-8133""]"
"Czech Republic","Pardubicky Kraj","Skuticko","[""539 73""]"
"Japan","Aichi Ken, Nagoya Shi","Atsuta Nishimachi","[""456-0036""]"
"Japan","Nara Ken, Yamatotakada Shi","Ide","[""635-0043""]"
"Russian Federation","Tambovskaya Oblast","Zemlyanskiy","[""393333""]"
"Australia","Northern Territory","Livingstone","[""0822""]"
"Italy","Lazio, Roma","Bracciano","[""00062""]"
"Japan","Fukui Ken, Echizen Shi","Myohojicho","[""915-0844""]"
"Nigeria","Kaduna, Lere","Abadawa","[""811104""]"
"Japan","Nagasaki Ken, Minamishimabara Shi","Ariecho Nakasukawa","[""859-2206""]"
"Ukraine","Poltava Oblast, Khorolskyi","Novoivanivka","[""37863""]"
"Italy","Veneto, Verona","San Vito Al Mantico","[""37012""]"
"Mexico","Oaxaca","1A Etapa Ivo Fraccionamiento El Rosario","[""71323""]"
"Mexico","Jalisco","Belen Del Refugio","[""47220""]"
"France","Nouvelle-Aquitaine, Charente-Maritime","Saint-Gregoire-D'ardennes","[""17240""]"
"Spain","Galicia, Ourense","Barxacova","[""32748""]"
"Indonesia","Java East, Surabaya","Sawunggaling","[""60242""]"
"China","Heilongjiang, Sunwu County","Xinxing Township","[""164201""]"
"Mexico","Hidalgo","Acuatempa","[""43016""]"
"Mexico","Sonora","Fuentes Del Bosque","[""85130""]"
"Romania","Bihor","Cociuba Mare","[""417200""]"
"Japan","Hiroshima Ken, Hiroshima Shi","Takata","[""733-0851""]"
"Japan","Ishikawa Ken, Nanao Shi","Nakajimamachi Furue","[""929-2208""]"
"Italy","Emilia-Romagna, Bologna","Marzabotto","[""40043""]"
"Japan","Kagawa Ken, Sakaide Shi","Komadomecho","[""762-0032""]"
"Turkey","Sanliurfa, Siverek","Turna","[""63600""]"
"Russian Federation","Tomskaya Oblast","Kargasok 1","[""636701""]"
"India","Uttarakhand, Pauri Garhwal, Pauri","Ghiri","[""246159""]"
"Greece","East Macedonia And Thrace, Evros","Kiprinos","[""680""]"
"Belarus","Vitebsk Province, Beshankovichy District, Plisskiy Council","Zamoshene","[""211363""]"
"Mexico","Guerrero","Villas Xcaret","[""39897""]"
"Estonia","Raplamaa, Kohila","AespaPohala","[""79736""]"
"Russian Federation","Kostromskaya Oblast","Kuzmischi","[""156520""]"
"Italy","Veneto, Rovigo","Fratta Polesine","[""45025""]"
"Tunisia","Medenine, Beni Khedache","Ksar Jouamaa","[""4110""]"
"Japan","Iwate Ken, Kitakami Shi","Ryutsusenta","[""024-0014"",""024-8505""]"
"Belarus","Gomel Province, Rahacou District, Zabolotskiy Council","Osinniki","[""247281""]"
"Belarus","Gomel Province, Zytkavicy District, Bronislavskiy Council","Zagate","[""247972""]"
"Germany","Sachsen","Venusberg","[""09430""]"
"Japan","Okinawa Ken, Okinawa Shi","Matsumoto","[""904-2192"",""904-2151""]"
"India","West Bengal, East Midnapore, Tagaria","Tagaria","[""721433""]"
"Poland","Lodz Voivodeship, Powiat Rawski","Pokrzywna","[""96-200""]"
"Indonesia","East Nusa Tenggara, Sumba Timur","Pahungalodu","[""87182""]"
"Algeria","Medea","Ouled Sid Daoud","[""26026""]"
"Nigeria","Adamawa, Gombi, Ga'anda","Dangwara","[""652101""]"
"Estonia","Jogevamaa, Saare","Jaama","[""49304""]"
"Japan","Tokyo To, Chiyoda Ku","Marunochi Gurantokyo Sausutawa(28-K","[""100-6628""]"
"Cambodia","Tbong Khmum, Ponhea Kraek, Doun Tei","Reul Leu","[""03207""]"
"Mexico","Oaxaca","Llano Metate","[""71387"",""71388""]"
"United States","Massachusetts, Middlesex","Sudbury","[""01776""]"
"Austria","Steiermark, Politischer Bezirk Deutschlandsberg, Sankt Peter Im Sulmtal","Poppenforst","[""8542""]"
"Turkey","Adana, Kozan","Karabucak","[""01500""]"
"Nigeria","Akwa Ibom, Ibeno, Ikpanya","Ikot Adaha","[""520119""]"
"Poland","Mazovia, Powiat Zyrardowski","Pienki-Strzyze","[""96-320""]"
"China","Shandong, Gaoqing County","Changjia Township","[""256300""]"
"Ukraine","Dnipropetrovsk Oblast, Petropavlivskyi","Novoverbske","[""52705""]"
"India","Kerala, Pathanamthitta, Kozhenchery","Vazhamuttom East","[""689646""]"
"Australia","Queensland","Long Pocket","[""4850""]"
"India","Rajasthan, Jaipur","Sinodia","[""303008""]"
"Mexico","Sonora","El Mojino","[""83397""]"
"Russian Federation","Ulyanovskaya Oblast","Surulovka","[""433861""]"
"Japan","Kyoto Fu, Kyoto Shi","Uzumasa Ichinoicho","[""616-8107""]"
"Spain","Galicia, Pontevedra","Baina","[""36308""]"
"Belarus","Vitebsk Province, Miory District, Turkovskiy Council","Gorovcy","[""211946""]"
"Peru","Ayacucho, Victor Fajardo, Huancapi","Ankukichca Pucro","[""05415""]"
"Venezuela","Aragua","Villa De Cura","[""2126""]"
"Mexico","Guanajuato","Proveedora","[""38255""]"
"India","Madhya Pradesh, Sheopur","Gurunaawda","[""476337""]"
"Mexico","Queretaro","El Plan","[""76464"",""76546""]"
"Serbia","Centralna Srbija, Sumadija, Arandelovac","Gornja Tresnjevica","[""34314""]"
"India","Uttar Pradesh, Jaunpur","Bhakura","[""222003""]"
"Romania","Cluj","Macau","[""407013""]"
"Nigeria","Niger, Katcha","Gbaguda","[""912105""]"
"United States","Alabama, Pike","Brundidge","[""36010""]"
"Brazil","Goias","Ceres","[""76300-000""]"
"Peru","Ayacucho, Huamanga, Ayacucho","Huatatas","[""05002""]"
"United States","South Dakota, Marshall","Lake City","[""57247""]"
"Afghanistan","Ghor, Pasaband","Dastasak","[""3253""]"
"Colombia","Cauca, Paez","El Jardin","[""192509""]"
"Switzerland","Kanton Thurgau, Weinfelden District, Bischofszell","Schweizersholz","[""9223""]"
"Australia","Queensland","Shaw","[""4818""]"
"Poland","Lodz Voivodeship, Powiat Opoczynski","Ogonowice","[""26-300""]"
"India","Bihar, Rohtas","Chunhatta","[""821304""]"
"France","Normandie, Manche","Sainte-Pience","[""50870""]"
"Algeria","Souk-Ahras","Tabaga","[""41038""]"
"Russian Federation","Orenburgskaya Oblast","Ponikla","[""461616""]"
"Algeria","Bordj-Bou-Arreridj","Khebatna","[""34021""]"
"Argentina","San Luis","Los Carricitos","[""5701""]"
"India","Chattisgarh, Janjgir-Champa, Janjgir","Naila R.s.","[""495668""]"
"Italy","Lazio, Latina","Lenola","[""04025""]"
"France","Pays De La Loire, Sarthe","Juille","[""72170""]"
"Chile","Libertador General Bernardo O'higgins, Cachapoal, Quinta De Tilcoco","Puente Alta","[""2960000""]"
"Kazakhstan","Karagandy, Shakhtinsky Region","Shakhtinsk No.15 Pri Nk","[""720660""]"
"Turkey","Izmir, Tire","Topalak","[""35900""]"
"Algeria","Naama","Sidi Brahim","[""45014""]"
"Peru","Lambayeque","Punto Nueve El Arbusto","[""14000""]"
"Colombia","Antioquia, Andes","San Francisco","[""056060""]"
"Cambodia","Kampong Cham, Stueng Trang, Tuol Preah Khleang","Voat","[""03408""]"
"Italy","Emilia-Romagna, Modena","Romanoro","[""41044""]"
"Italy","Abruzzi, Pescara","Vestea","[""65010""]"
"Nigeria","Zamfara, Anka, Jakusko","Jakusko","[""631102""]"
"Austria","Niederosterreich, Politischer Bezirk Scheibbs, Gaming","Brettl-Gaming","[""3264""]"
"United States","Pennsylvania, Indiana","Cherry Tree","[""15724""]"
"Mexico","Mexico","Suquitila","[""51415""]"
"Turkey","Bursa, Inegol","Hayriye","[""16400""]"
"Belgium","Wallonie, Brabant Wallon","Opprebais","[""1315""]"
"Japan","Fukui Ken, Echizen Shi","Oshiocho","[""915-0863""]"
"Ukraine","Odessa Oblast, Ivanivskyi","Prokhorove","[""67200""]"
"Ukraine","Kherson Oblast, Beryslavskyi","Inhulivka","[""74320""]"
"Afghanistan","Ghor, Chaghcharan","Rodak Kalan Ya Bala","[""3201""]"
"Japan","Mie Ken, Tsu Shi","Shinhigashimachi Tose","[""514-0026""]"
"Belarus","Grodno/hrodna Province, Voranava District, Girkovskiy Council","Korgovdy","[""231395""]"
"Nigeria","Kaduna, Jaba, Kwoi","Dura","[""801109""]"
"Mexico","Jalisco","Los Popotes","[""47620""]"
"India","Maharashtra, Nashik","Umrala","[""422003""]"
"Japan","Yamagata Ken, Tsuruoka Shi","Haguromachi Sakanoshita","[""997-0104""]"
"Lithuania","Vilniaus Apskritis","Sakaliskes L K.","[""18033""]"
"Poland","Podlasie, Powiat Bielski","Skrzypki Male","[""17-100""]"
"India","Rajasthan, Jhujhunu, Jhunjhunun","Hamiri","[""333001""]"
"Colombia","Valle Del Cauca, Cartago","Urbanizacion El Roble","[""762021""]"
"United Kingdom","England, Devon","Upton Hellions","[""EX17""]"
"Japan","Hiroshima Ken, Higashihiroshima Shi","Saijocho Saijo","[""739-0001""]"
"Hungary","Borsod-Abauj-Zemplen","Lak","[""3786""]"
"Italy","Piemonte, Cuneo","Cissone","[""12050""]"
"Ukraine","Vinnytsia Oblast, Zhmerynskyi","Stanislavchyk","[""23160""]"
"India","Karnataka, Uttara Kannada, Karwar","Chendiye","[""581324""]"
"Nigeria","Niger, Magama, Auna","Madugu","[""923106""]"
"Japan","Niigata Ken, Niigata Shi","Toishi","[""950-1425""]"
"Russian Federation","Novosibirskaya Oblast","Sovetskiy","[""632753""]"
"Estonia","Saaremaa, Kihelkonna","Kiirassaare","[""93433""]"
"Afghanistan","Zabul, Shah Joy","Sayghan Khidr","[""4056""]"
"Russian Federation","Astrahanskaya Oblast","Rechnoe","[""416026""]"
"India","Rajasthan, Udaipur, Girwa","Udaipur H.o","[""313004""]"
"Spain","Galicia, Ourense","Buzacos","[""32828""]"
"Japan","Mie Ken, Suzuka Shi","Hachinocho","[""513-0837""]"
"Japan","Osaka Fu, Habikino Shi","Suichoen","[""583-0855""]"
"Peru","Loreto, Ucayali, Vargas Guerra","Puerto Alegre","[""16450""]"
"Japan","Chiba Ken, Katori Shi","Niidera","[""287-0051""]"
"Algeria","Setif","Ferme Maneche","[""19002""]"
"Japan","Saitama Ken, Sakado Shi","Tomiya","[""350-0208""]"
"Nigeria","Abia, Obi Ngwa, Mgboko","Umuwezi","[""453101""]"
"Mexico","Tamaulipas","Santa Cruz","[""87315"",""87370"",""87830"",""88650""]"
"Spain","Cantabria","Quintanilla De An","[""39250""]"
"United States","California, Merced","Dos Palos","[""93620""]"
"Ukraine","Dnipropetrovsk Oblast, Mahdalynivskyi","Yevdokiivka","[""51161""]"
"Spain","Canarias, Las Palmas","Aguimes","[""35260""]"
"Ecuador","Azuay, Gualaceo","Jadan","[""010353""]"
"Mexico","Oaxaca","Lomas De Monte Alban","[""71233""]"
"Poland","Mazovia, Powiat Ostrowski","Trynisze-Moszewo","[""07-325""]"
"Latvia","Ventspils","Sila Iela","[""LV""]"
"Japan","Hokkaido, Otaru Shi","Shiomidai","[""047-8555"",""047-0002""]"
"Maldives","Medhu, Dhaalu","MeedhuffushiVilu Reef Resort","[""13100""]"
"Turkey","Mardin, Derik","Alagoz","[""47800""]"
"Nigeria","Edo, Owan East, Otuo","Ugba","[""313107""]"
"Ukraine","Lviv Oblast, Pustomytivskyi","Novosilka","[""81164""]"
"Argentina","Tucuman","San Francisco","[""4162""]"
"Algeria","Bechar","Hai El Inara","[""08013""]"
"India","Uttar Pradesh, Bahraich","Ailo","[""271871""]"
"Indonesia","North Sulawesi, Kepulauan Sangihe","Tahuna","[""95811"",""95812"",""95813"",""95814"",""95815"",""95816"",""95817"",""95818"",""95851""]"
"Nigeria","Kaduna, Sanga, Mayir","Hayen Gada","[""801119""]"
"Mexico","Chiapas","Nuevo Amanecer","[""29140""]"
"France","Normandie, Manche","La Lande-D'airou","[""50800""]"
"Germany","Nordrhein-Westfalen","Oerlinghausen","[""33813""]"
"Mexico","Chihuahua","Campo 14 B","[""31614""]"
"Vietnam","Tay Nguyen, Dak Lak, Ea Sup","Ea Bung","[""630000""]"
"Slovakia","Kosicky Kraj","Olsavka","[""053 61""]"
"Germany","Sachsen-Anhalt","Grimme","[""39264""]"
"Mexico","Campeche","Miami","[""24115""]"
"Belarus","Vitebsk Province, Haradok District, Stodolischenskiy Council","Lapushnica","[""211573""]"
"India","Odisha, Koraput","Koraput H.o","[""764020""]"
"France","Nouvelle-Aquitaine, Charente","Villiers-Le-Roux","[""16240""]"
"Italy","Friuli-Venezia Giulia, Udine","Venzone","[""33010""]"
"Poland","Lodz Voivodeship, Powiat Tomaszowski","Olszowa","[""97-225""]"
"Japan","Aomori Ken, Hirosaki Shi","Fujisawa","[""036-1512""]"
"Mexico","Hidalgo","Del Can","[""43943""]"
"Turkey","Bartin","Sarayli","[""74110""]"
"France","Bourgogne-Franche-Comte, Haute-Saone","Les Aynans","[""70200""]"
"China","Beijing, Mentougou District","Huangta Township","[""102311""]"
"Spain","Madrid","Vallejos, Los","[""28380""]"
"Turkey","Konya, Derebucak","Gencek","[""42482""]"
"United Kingdom","England, Greater Manchester","Flixton","[""M41""]"
"Japan","Hyogo Ken, Tambasasayama Shi","Ikegami","[""669-2436""]"
"United States","Missouri, St. Francois","Knob Lick","[""63651""]"
"Ukraine","Rivne Oblast, Zdolbunivskyi","Nova Moshchanytsia","[""35744""]"
"Vietnam","Dong Bang Song Cuu Long, Long An, Can Duoc","Long Trach","[""850000""]"
"United Kingdom","England, Hampshire","Calmore","[""SO40""]"
"China","Shandong, Fangzi District","Fangzi Prefecture","[""261200""]"
"Vietnam","Bac Trung Bo, Thanh Hoa, Dong Son","Dong Anh","[""440000""]"
"Mexico","Michoacan De Ocampo","Terravida","[""59057""]"
"Peru","Ucayali, Atalaya, Raymondi","Alto Cocani","[""25200""]"
"Japan","Aichi Ken, Nagoya Shi","Kurosawadai","[""458-0003""]"
"Russian Federation","Permskiy Kray","Levino","[""617085""]"
"Colombia","Cundinamarca, Lenguazaque","El Rhur","[""250608""]"
"China","Yunnan, Yuanmou County","Julin Township","[""651309""]"
"Cambodia","Kratie, Preaek Prasab","Prey Kur","[""10255""]"
"United States","Massachusetts, Bristol","Westport","[""02790""]"
"Russian Federation","Moskva","Moskva 396","[""111396""]"
"India","Madhya Pradesh, Umaria","Bilaspur","[""484660""]"
"Poland","Warmia-Masuria, Powiat Olsztynski","Cerkiewnik","[""11-040""]"
"Japan","Akita Ken, Daisen Shi","Nangai Agetsuchi","[""019-1835""]"
"Mexico","Chihuahua","Cerro Zacatoso","[""33486""]"
"Nigeria","Kwara, Baruten, Yashi Kera","Gudin Kparu","[""242102""]"
"Japan","Saitama Ken, Iruma Gun","Asuwa","[""350-0455""]"
"United States","Michigan, Charlevoix","Boyne City","[""49712""]"
"France","Auvergne-Rhone-Alpes, Isere","Four","[""38080""]"
"Romania","Teleorman","Poroschia","[""147280""]"
"Belarus","Gomel Province, Loyew District, Byvalkovskiy Council","Gorodok","[""247112""]"
"Nigeria","Kaduna, Sanga, Ayu","Regga Makaranta","[""801107""]"
"Japan","Tottori Ken, Sakaiminato Shi","Hanamachi","[""684-0016""]"
"Poland","Greater Poland, Powiat Poznanski","Suchy Las","[""62-002""]"
"India","Punjab, Patiala","Marru","[""140702""]"
"Russian Federation","Saratovskaya Oblast","Mechetnoe","[""413223""]"
"Japan","Chiba Ken, Funabashi Shi","Shiomicho","[""273-0016""]"
"Mexico","Tamaulipas","Canon De La Peregrina","[""87016""]"
"France","Grand Est, Haut-Rhin","Friesen","[""68580""]"
"Mexico","Guanajuato","La Mesa Alta","[""37919""]"
"Nigeria","Ebonyi, Ishielu, Emuhu-Ali","Ameta","[""481120""]"
"Croatia","Varazdinska","Gornja Poljana","[""42223""]"
"Russian Federation","Moskva","Moskva-Yaroslavskiy Vokzal Pzhdp Tseh 3","[""102103""]"
"United States","Georgia, Colquitt","Norman Park","[""31771""]"
"Vietnam","Nam Trung Bo, Binh Dinh, Tay Son","Binh Nghi","[""590000""]"
"Afghanistan","Nangarhar, Bati Kot","Artona","[""2667""]"
"Algeria","Boumerdes","Trik El Khendek","[""35004""]"
"Brazil","Rio Grande Do Sul","Bom Jesus","[""95290-000""]"
"Japan","Niigata Ken, Nagaoka Shi","Nakajima","[""940-0094""]"
"India","Bihar, Banka","Kairee","[""813104""]"
"Spain","Comunidad Valenciana, Valencia","Xativa","[""46800""]"
"Mexico","Coahuila De Zaragoza","Privada Ciudad Las Torres 2 Sector","[""25110""]"
"Afghanistan","Nangarhar, Bihsud","Nahr Shahi Saywom","[""2657""]"
"Japan","Tokyo To, Chiyoda Ku","Kandasudacho","[""101-0041"",""101-8533"",""101-8552"",""101-8554"",""101-8555"",""101-8558"",""101-8559"",""101-8667"",""101-8707""]"
"Pakistan","Khyber Pakhtunkhwa","Chakdara","[""18800""]"
"France","Auvergne-Rhone-Alpes, Ardeche","Saint-Romain-De-Lerps","[""07130""]"
"Russian Federation","Krasnoyarskiy Kray","Kucherovo","[""663833""]"
"Japan","Aichi Ken, Inazawa Shi","Naganocho","[""492-8141""]"
"India","Madhya Pradesh, Mandsaur","Dalauda Rail","[""458667""]"
"Mexico","Michoacan De Ocampo","La Chivera","[""60476""]"
"Vietnam","Tay Nguyen, Gia Lai, Krong Pa","Uar","[""600000""]"
"Hungary","Veszprem","Harskut","[""8442""]"
"Colombia","Cauca, Sotara","Las Yescas","[""193507""]"
"France","Normandie, Orne","Saint-Jouin-De-Blavou","[""61360""]"
"Romania","Bacau","Stefan Cel Mare","[""607605""]"
"Germany","Schleswig-Holstein","Hohenaspe","[""25582""]"
"Japan","Hyogo Ken, Kato Shi","Kaihara","[""673-1453""]"
"Argentina","Buenos Aires","Barrio Centenario","[""1884""]"
"Argentina","Buenos Aires","Mar Del Plata Estafeta No.1","[""7600""]"
"Australia","Queensland, Gold Coast","Currumbin Valley","[""4223""]"
"Lithuania","Kaunas County","Armanavos K.","[""59055""]"
"Lithuania","Kaunas County","Kujagalviu K.","[""53056""]"
"Lithuania","Kaunas County","Pavarnio K.","[""60040""]"
"Lithuania","Kaunas County","Sb ÂLelijaâ","[""54078""]"
"New Zealand",,"Ouruhia","[""8083""]"
"Mexico","Nayarit","La Curva","[""63535"",""63795""]"
"Spain","Cataluna, Barcelona","Cabrils","[""08348""]"
"Venezuela","Nueva Esparta","La Vecindad","[""6309""]"
"Sri Lanka","Western Province","Siyambalape","[""11607""]"
"Ukraine","Zaporizhia Oblast, Vilnianskyi","Novovasylivske","[""70042""]"
"Turkey","Mardin, Omerli","Ikipinar","[""47570""]"
"Mexico","Oaxaca","El Molinito","[""68235""]"
"Colombia","Meta, Acacias","Sardinata","[""507001""]"
"Russian Federation","Kabardino-Balkarskaya Respublika","Oktyabrskoe","[""361101""]"
"Nigeria","Niger, Agwara, Shagunu","Garu-Anara","[""923107""]"
"India","Uttar Pradesh, Bagpat, Baraut","Sarurpur Kalan","[""250619""]"
"Ukraine","Volyn Oblast, Turiiskyi","Klevetsk","[""44822""]"
"Japan","Okinawa Ken, Naha Shi","Akebono","[""900-0002""]"
"Mexico","Jalisco","Lomas Del Refugio","[""45186""]"
"Peru","Ancash, Bolognesi, Aquia","Pachi","[""02420""]"
"Latvia","Rezeknes Novads, Berzgales Pagasts","Kaspari","[""LV""]"
"India","Chattisgarh, Janjgir-Champa, Janjgir","Banari","[""495668""]"
"Afghanistan","Badghis, Murghab","Hotaki Hai Ghola Ghai","[""3352""]"
"Nigeria","Cross River, Bakassi, Ikot Edem Odo","Ikut Nkok Anie","[""541105""]"
"Mexico","Sonora","Tepahui Uno","[""85249""]"
"France","Nouvelle-Aquitaine, Dordogne","Saint-Germain-Et-Mons","[""24520""]"
"Venezuela","Zulia","MaracaiboBarrio Las Cabrias","[""4005""]"
"Germany","Mecklenburg-Vorpommern","Neuendorf B","[""17391""]"
"Japan","Tottori Ken, Tottori Shi","Genta","[""680-1133""]"
"Russian Federation","Kurganskaya Oblast","Pepelino","[""641474""]"
"Japan","Mie Ken, Kumano Shi","Kiwacho Kogurusu","[""519-5414""]"
"India","Uttar Pradesh, Aligarh","Barotha","[""202125""]"
"Hungary","Bacs-Kiskun","Tass","[""6098""]"
"Japan","Chiba Ken, Oamishirasato Shi","Nagata","[""299-3233""]"
"India","Nagaland, Tuensang","Chingmei","[""798612""]"
"Japan","Kagoshima Ken, Makurazaki Shi","Higashihommachi","[""898-0014""]"
"Mexico","Guanajuato","Gaytan Del Refugio","[""38755""]"
"Mexico","Guanajuato","La Caja","[""36494"",""36805""]"
"Afghanistan","Sar-E Pol","Arabya","[""2101""]"
"Colombia","Cauca, Mercaderes","Mercaderes","[""195069""]"
"Poland","Greater Poland, Powiat Ostrowski","Maczniki","[""63-460""]"
"Italy","Marche, Fermo","Santa Vittoria In Matenano","[""63854""]"
"Mexico","Michoacan De Ocampo","Real Mil Cumbres","[""58270""]"
"Mexico","Guerrero","Tuxtepec","[""41613""]"
"France","Occitanie, Gard","Collorgues","[""30190""]"
"Hungary","Gyor-Moson-Sopron","Rabapatona","[""9142""]"
"Australia","South Australia","Sandy Grove","[""5275""]"
"Japan","Shimane Ken, Ochi Gun","Mimata","[""696-1223""]"
"Japan","Aichi Ken, Inazawa Shi","Maeda","[""492-8220""]"
"Estonia","Vorumaa, Antsla","Kikkaoja","[""66302""]"
"Argentina","Neuquen","Cerro Colorado","[""8347""]"
"Colombia","Caldas, Manizales","Comuna 11","[""170006""]"
"Poland","Warmia-Masuria, Powiat Goldapski","Kolkowo","[""19-500""]"
"Mexico","Chihuahua","Mesa Del Ocote","[""33188""]"
"Germany","Mecklenburg-Vorpommern","Schwerinsburg","[""17398""]"
"Japan","Kochi Ken, Agawa Gun","Nakamura","[""781-1516""]"
"Latvia","Gulbenes Novads, Lejasciema Pagasts","Sinole","[""LV""]"
